爱可可爱生活,0,0,2247525859_1,爱可可AI前沿推介(11.13),http://mp.weixin.qq.com/s?__biz=MzI2MTMxNzg1OA==&mid=2247525859&idx=1&sn=492b7ec31ade267933d036292450b360&chksm=ea5e106edd299978c90ad3b5f1d5ba81fd27da5fe9867d5108fab245dd1e5a47f8fe177b08ea#rd,1668296236,1668296236
爱可可爱生活,1,0,2247525859_2,爱可可微博热门分享(11.12),http://mp.weixin.qq.com/s?__biz=MzI2MTMxNzg1OA==&mid=2247525859&idx=2&sn=0e7cf36d269dd1679bbe41e5a57e9c06&chksm=ea5e106edd299978a8f4d73882d36c866cb46676ce64e76e97faed2e9ff72267c4f134c2ac53#rd,1668296236,1668296236
爱可可爱生活,2,0,2247525859_3,爱可可论文代码分享(11.12),http://mp.weixin.qq.com/s?__biz=MzI2MTMxNzg1OA==&mid=2247525859&idx=3&sn=504b5cb2c89ccdeaeec121f837216d08&chksm=ea5e106edd2999784c4e5616c67569905bcb47abe12956920d2b1138c9b702d1ace3d303b12b#rd,1668296236,1668296236
爱可可爱生活,3,0,2247525814_1,爱可可AI前沿推介(11.12),http://mp.weixin.qq.com/s?__biz=MzI2MTMxNzg1OA==&mid=2247525814&idx=1&sn=f41a7e07a17283e669ac81ae253ab77e&chksm=ea5e103bdd29992da17f969183a5888b5b7e4218e1c9da5f2846ee2cb6ee89622dbe4d01c057#rd,1668209994,1668209993
爱可可爱生活,4,0,2247525814_2,爱可可微博热门分享(11.11),http://mp.weixin.qq.com/s?__biz=MzI2MTMxNzg1OA==&mid=2247525814&idx=2&sn=1aaded807d5f6bce51495a8e8c7cf9c8&chksm=ea5e103bdd29992d593b78086b9ba12118fe394618f76d7d721a41e181f18ff2cf58e3deae40#rd,1668209994,1668209993
爱可可爱生活,5,0,2247525814_3,爱可可论文代码分享(11.11),http://mp.weixin.qq.com/s?__biz=MzI2MTMxNzg1OA==&mid=2247525814&idx=3&sn=4594af7ed100a749e953196dbfbe964e&chksm=ea5e103bdd29992d3e26ef46740dcee36bc36487285cda384c8d3ba2635723cff4a8baae1da4#rd,1668209994,1668209993
爱可可爱生活,6,0,2247525766_1,爱可可AI前沿推介(11.11),http://mp.weixin.qq.com/s?__biz=MzI2MTMxNzg1OA==&mid=2247525766&idx=1&sn=bac44025a26e1be60a22ef5fb018db5f&chksm=ea5e100bdd29991d32e2e02d4f1919e562a54eac225489e31087f90d0306109f3d96b4a24311#rd,1668120422,1668120422
爱可可爱生活,7,0,2247525766_2,爱可可微博热门分享(11.10),http://mp.weixin.qq.com/s?__biz=MzI2MTMxNzg1OA==&mid=2247525766&idx=2&sn=876ae660b3619f11a00c6d95666d3079&chksm=ea5e100bdd29991df92539aacee839df288188bb5da7b1a439e4ce0d5fe83e17136769f4a035#rd,1668120422,1668120422
爱可可爱生活,8,0,2247525766_3,爱可可论文代码分享(11.10),http://mp.weixin.qq.com/s?__biz=MzI2MTMxNzg1OA==&mid=2247525766&idx=3&sn=f005b62e239ec0540415cd7db80616f8&chksm=ea5e100bdd29991dbe6f0c2a1b281106a9b31d245372ed8125aae5f85917d703c7d16fefa55c#rd,1668120422,1668120422
爱可可爱生活,9,0,2247525719_1,爱可可AI前沿推介(11.10),http://mp.weixin.qq.com/s?__biz=MzI2MTMxNzg1OA==&mid=2247525719&idx=1&sn=95192f3ebf75321ff1a530c1589465a8&chksm=ea5e10dadd2999cc5fca1435622acb354bbde3a8cc7bb1c48b6369e6d06eadd27a3123ae07ee#rd,1668033300,1668033300
爱可可爱生活,10,0,2247525719_2,爱可可微博热门分享(11.9),http://mp.weixin.qq.com/s?__biz=MzI2MTMxNzg1OA==&mid=2247525719&idx=2&sn=dd1eeb23e78e6110df88bc00f7c27d40&chksm=ea5e10dadd2999cc917e8cafd3c7a0a7d094752808f648605ed7c002999de36c99cd75fc3f9f#rd,1668033300,1668033300
爱可可爱生活,11,0,2247525719_3,爱可可论文代码分享(11.9),http://mp.weixin.qq.com/s?__biz=MzI2MTMxNzg1OA==&mid=2247525719&idx=3&sn=0a88f4e4dbd9d1731c8bb3766f4885c0&chksm=ea5e10dadd2999ccb1ec66830ce2b01334f01c2766635ae19ecbc05ea041959ec9a0b0a927f0#rd,1668033300,1668033300
爱可可爱生活,12,0,2247525671_1,爱可可AI前沿推介(11.9),http://mp.weixin.qq.com/s?__biz=MzI2MTMxNzg1OA==&mid=2247525671&idx=1&sn=0760e1e1fb8c86ef811b70d405a989fc&chksm=ea5e10aadd2999bc49c606b7bfd2fba21a5f19722ce6e5292b185a7eac1bb798a9237e704712#rd,1667947493,1667947492
爱可可爱生活,13,0,2247525671_2,爱可可微博热门分享(11.8),http://mp.weixin.qq.com/s?__biz=MzI2MTMxNzg1OA==&mid=2247525671&idx=2&sn=1193bce4b0626b7353861edb55a53e1e&chksm=ea5e10aadd2999bc4afede41f8d67d97a7172146a7b849a465a41959480be429201be564ad85#rd,1667947493,1667947492
爱可可爱生活,14,0,2247525671_3,爱可可论文代码分享(11.8),http://mp.weixin.qq.com/s?__biz=MzI2MTMxNzg1OA==&mid=2247525671&idx=3&sn=42bc2922a3f01d4e65ef0f0148b106dd&chksm=ea5e10aadd2999bcde7beb22a324ba84ee5e7114286b25372440e3fdb3a687d9a3f9cd3819b6#rd,1667947493,1667947492
爱可可爱生活,15,1,2247525624_1,爱可可AI前沿推介(11.8),http://mp.weixin.qq.com/s?__biz=MzI2MTMxNzg1OA==&mid=2247525624&idx=1&sn=81d1165017684cc7a79d23d4e6af7de1&chksm=ea5e1175dd299863d69799da1cd46c25bc68f1a77f216acc4f38202650713e7e1e5c3c1d45ea#rd,1667860904,1667860904
爱可可爱生活,16,1,2247525624_2,爱可可微博热门分享(11.7),http://mp.weixin.qq.com/s?__biz=MzI2MTMxNzg1OA==&mid=2247525624&idx=2&sn=df761f1bf09c784d54a19dc0c0a9b37f&chksm=ea5e1175dd29986385940f5c059f0b80dd723f1a1f75059fb196788d9ab8b58f8fcbcc85331e#rd,1667860904,1667860904
爱可可爱生活,17,1,2247525624_3,爱可可论文代码分享(11.7),http://mp.weixin.qq.com/s?__biz=MzI2MTMxNzg1OA==&mid=2247525624&idx=3&sn=b2c4aa66814a6f4451df868eb801138a&chksm=ea5e1175dd299863bf7388d7398c6826a6b2539d7515460ad750448e2ad2a27b1fd4e751e512#rd,1667860904,1667860904
爱可可爱生活,18,1,2247525581_1,爱可可AI前沿推介(11.7),http://mp.weixin.qq.com/s?__biz=MzI2MTMxNzg1OA==&mid=2247525581&idx=1&sn=2e165f65ddcedea514ff226fe0f48555&chksm=ea5e1140dd299856f7e6c9cdeb2904f1ed1543fcc13d95c26c4e9677f6e5b27efc5e1bfd9cd2#rd,1667775107,1667775106
爱可可爱生活,19,1,2247525581_2,爱可可微博热门分享(11.6),http://mp.weixin.qq.com/s?__biz=MzI2MTMxNzg1OA==&mid=2247525581&idx=2&sn=9909f4b5e336770943f7f7ce87c38992&chksm=ea5e1140dd29985668681b55bb26c681f5979105e22118b91a175f3bc552488b4592344e2bf3#rd,1667775107,1667775106
爱可可爱生活,20,1,2247525581_3,爱可可论文代码分享(11.6),http://mp.weixin.qq.com/s?__biz=MzI2MTMxNzg1OA==&mid=2247525581&idx=3&sn=6b23dabae501114651f2d6a0e4f5c5ef&chksm=ea5e1140dd29985667c0dcc25ee672743d665bc2d472e65d6e97acf1c8b38ab6ac0b1b66b4c1#rd,1667775107,1667775106
爱可可爱生活,21,1,2247525535_1,爱可可AI前沿推介(11.6),http://mp.weixin.qq.com/s?__biz=MzI2MTMxNzg1OA==&mid=2247525535&idx=1&sn=ffd99130fbc54c6a001052cac6f13b72&chksm=ea5e1112dd29980487be358f388defaba36aee343a076ef2e48df1c73e27b61b6b06ec195961#rd,1667690135,1667690135
爱可可爱生活,22,1,2247525535_2,爱可可微博热门分享(11.5),http://mp.weixin.qq.com/s?__biz=MzI2MTMxNzg1OA==&mid=2247525535&idx=2&sn=032eb43cd32ba37ee214e6c8d1b7ae2a&chksm=ea5e1112dd299804ab4b36a802a1b14ecb04dcaae5f63d1015d7b28d74e53d9f21b96d0a0253#rd,1667690135,1667690135
爱可可爱生活,23,1,2247525535_3,爱可可论文代码分享(11.5),http://mp.weixin.qq.com/s?__biz=MzI2MTMxNzg1OA==&mid=2247525535&idx=3&sn=455c27099933687afd977a327da3030d&chksm=ea5e1112dd299804e1c09df642e7d3ca84b81852c4eb816954956860204c598ad95ace6a9616#rd,1667690135,1667690135
爱可可爱生活,24,1,2247525483_1,爱可可AI前沿推介(11.5),http://mp.weixin.qq.com/s?__biz=MzI2MTMxNzg1OA==&mid=2247525483&idx=1&sn=0dbd5f59f8e479678af3cfe13d073d5d&chksm=ea5e11e6dd2998f02700d6f19cdfcb27208e3083732b9eaaa70dd29bfba71c3d79b5ece29f7b#rd,1667603163,1667603162
爱可可爱生活,25,1,2247525483_2,爱可可微博热门分享(11.4),http://mp.weixin.qq.com/s?__biz=MzI2MTMxNzg1OA==&mid=2247525483&idx=2&sn=97364f1f56e4694123af861da688f1b5&chksm=ea5e11e6dd2998f0746b35a9ae3cf3f7e54dde1a66a08280e0166e5e6979f03e1b346c9486c3#rd,1667603163,1667603162
爱可可爱生活,26,1,2247525483_3,爱可可论文代码分享(11.4),http://mp.weixin.qq.com/s?__biz=MzI2MTMxNzg1OA==&mid=2247525483&idx=3&sn=431129971a3a8b77c25d3d2c3655ea1c&chksm=ea5e11e6dd2998f0b6c018749d51d8708f97682e20cee38df0d4dc58e3b2c8c415d78e015fa5#rd,1667603163,1667603162
爱可可爱生活,27,1,2247525433_1,爱可可AI前沿推介(11.4),http://mp.weixin.qq.com/s?__biz=MzI2MTMxNzg1OA==&mid=2247525433&idx=1&sn=715da50e061f7c8034420a5f523a9d2c&chksm=ea5e11b4dd2998a2f0dac6f9e58433451ade624f682bafc324139330c3ca6f35d23acff82bf0#rd,1667514661,1667514661
爱可可爱生活,28,1,2247525433_2,爱可可微博热门分享(11.3),http://mp.weixin.qq.com/s?__biz=MzI2MTMxNzg1OA==&mid=2247525433&idx=2&sn=0f7f25422bcf763262da7d1de3f89b95&chksm=ea5e11b4dd2998a2fb37f3a5665730aa42607e57383848ea20e7db42d8225c11f462672e3e51#rd,1667514661,1667514661
爱可可爱生活,29,1,2247525433_3,爱可可论文代码分享(11.3),http://mp.weixin.qq.com/s?__biz=MzI2MTMxNzg1OA==&mid=2247525433&idx=3&sn=79918e651e8b1f810ef0f40a4a477f71&chksm=ea5e11b4dd2998a2ee7d3ce872551f799a6553dd6641be03e91f4d4c564427e20fde0d617f60#rd,1667514661,1667514661
爱可可爱生活,30,2,2247525388_1,爱可可AI前沿推介(11.3),http://mp.weixin.qq.com/s?__biz=MzI2MTMxNzg1OA==&mid=2247525388&idx=1&sn=cb902db93dd3fb776f386f85d962c991&chksm=ea5e1181dd299897db3f08616d82ff1e26317073d1a73820197eed8d22bc80e251a8be3bce84#rd,1667426333,1667426333
爱可可爱生活,31,2,2247525388_2,爱可可微博热门分享(11.2),http://mp.weixin.qq.com/s?__biz=MzI2MTMxNzg1OA==&mid=2247525388&idx=2&sn=27044cec195f73d6354c3a46052e9da7&chksm=ea5e1181dd29989714e7ff7a158661967cefef6c287ee7b3d4a15183dce9fb5d034fcdd2bcb5#rd,1667426333,1667426333
爱可可爱生活,32,2,2247525388_3,爱可可论文代码分享(11.2),http://mp.weixin.qq.com/s?__biz=MzI2MTMxNzg1OA==&mid=2247525388&idx=3&sn=851bb3855b84676eedee9eb07dd49b87&chksm=ea5e1181dd299897fdec8d9d2799c192b60cf013dfcb4ceae1a841193aa409fe073a67973ea2#rd,1667426333,1667426333
爱可可爱生活,33,2,2247525340_1,爱可可AI前沿推介(11.2),http://mp.weixin.qq.com/s?__biz=MzI2MTMxNzg1OA==&mid=2247525340&idx=1&sn=4aa4f922ddc0f1403092e81c16a18078&chksm=ea5e1651dd299f47967d8780a3a9933ecf3a5e942b7c6dc39aac29f65ecf6804732aa8bc71d8#rd,1667342082,1667342082
爱可可爱生活,34,2,2247525340_2,爱可可微博热门分享(11.1),http://mp.weixin.qq.com/s?__biz=MzI2MTMxNzg1OA==&mid=2247525340&idx=2&sn=19d586b563ca9f7d42a474a43ab5d1a8&chksm=ea5e1651dd299f478a52c6410d9e33ee31bc25a43382b19f234725a7196c135e16e8319f7f6f#rd,1667342082,1667342082
爱可可爱生活,35,2,2247525340_3,爱可可论文代码分享(11.1),http://mp.weixin.qq.com/s?__biz=MzI2MTMxNzg1OA==&mid=2247525340&idx=3&sn=d62468eccafa68023ad1dff733d5f733&chksm=ea5e1651dd299f478873384095ba93c4836d99a911ab54ed6eb5d1984d064aca8e266102d6ca#rd,1667342082,1667342082
爱可可爱生活,36,2,2247525291_1,爱可可AI前沿推介(11.1),http://mp.weixin.qq.com/s?__biz=MzI2MTMxNzg1OA==&mid=2247525291&idx=1&sn=bc57eb7e326ccf33b796c323972c5279&chksm=ea5e1626dd299f30ec90dadfbfb5bb37ef982593e0b2b54bdc46e9dfadda86653f3f1b71e35d#rd,1667255851,1667255850
爱可可爱生活,37,2,2247525291_2,爱可可微博热门分享(10.31),http://mp.weixin.qq.com/s?__biz=MzI2MTMxNzg1OA==&mid=2247525291&idx=2&sn=9351465dc56a9f7710485a26da8b7d30&chksm=ea5e1626dd299f30668f1974cd6b41ef5e54cb60a83177077a2cde0b43ce1fdebda3bf55a430#rd,1667255851,1667255850
爱可可爱生活,38,2,2247525291_3,爱可可论文代码分享(10.31),http://mp.weixin.qq.com/s?__biz=MzI2MTMxNzg1OA==&mid=2247525291&idx=3&sn=bd24389b77caf4a2249efe9faad17bb4&chksm=ea5e1626dd299f3048c77c280eb191e417cc05e2c9c69a282d79cc777e907f1c1c80c02db005#rd,1667255851,1667255850
爱可可爱生活,39,2,2247525247_1,爱可可AI前沿推介(10.31),http://mp.weixin.qq.com/s?__biz=MzI2MTMxNzg1OA==&mid=2247525247&idx=1&sn=be6482ed19091c0005dcfc61da39cd18&chksm=ea5e16f2dd299fe4244e1ed2de1fd9a84e86a67fade6518b0e4e3dbb1e680d360e76662b3d31#rd,1667169269,1667169269
爱可可爱生活,40,2,2247525247_2,爱可可微博热门分享(10.30),http://mp.weixin.qq.com/s?__biz=MzI2MTMxNzg1OA==&mid=2247525247&idx=2&sn=fc8b0715a2fa0cedfd0d8b71c1174a71&chksm=ea5e16f2dd299fe446b7d68ac061b5158059ae619882c6942d51494294587b7557a02987caa7#rd,1667169269,1667169269
爱可可爱生活,41,2,2247525247_3,爱可可论文代码分享(10.30),http://mp.weixin.qq.com/s?__biz=MzI2MTMxNzg1OA==&mid=2247525247&idx=3&sn=e9ebaacf010bb4c7851e5560bbcbf65b&chksm=ea5e16f2dd299fe4c3ad1b97be16465bfe7749e2b9c501c0db8c86d7cb5dc530099adf085822#rd,1667169269,1667169269
爱可可爱生活,42,2,2247525205_1,爱可可AI前沿推介(10.30),http://mp.weixin.qq.com/s?__biz=MzI2MTMxNzg1OA==&mid=2247525205&idx=1&sn=2f30847baba61c58d45ff3dbb474a368&chksm=ea5e16d8dd299fcefe446d17c947dbef309ede425b66e972f648e073ed94993a7a3ca0632290#rd,1667083998,1667083998
爱可可爱生活,43,2,2247525205_2,爱可可微博热门分享(10.29),http://mp.weixin.qq.com/s?__biz=MzI2MTMxNzg1OA==&mid=2247525205&idx=2&sn=d60fc94896ccf5cbcc744d0113c1d412&chksm=ea5e16d8dd299fce4fa149765f365f6cc809d6922321014e34ee76d17d8c00f33a1b6bd3d988#rd,1667083998,1667083998
爱可可爱生活,44,2,2247525205_3,爱可可论文代码分享(10.29),http://mp.weixin.qq.com/s?__biz=MzI2MTMxNzg1OA==&mid=2247525205&idx=3&sn=e00165bc88230d0ebfedeaf9bf61ceda&chksm=ea5e16d8dd299fcec9b088bb8dc5e9510370ad79751b9468cf704230aeabac1189d17899c2c6#rd,1667083998,1667083998
爱可可爱生活,45,3,2247525158_1,爱可可AI前沿推介(10.29),http://mp.weixin.qq.com/s?__biz=MzI2MTMxNzg1OA==&mid=2247525158&idx=1&sn=b7e9430c27ec3241bc327fc4b98bf4f3&chksm=ea5e16abdd299fbd2af6d87f7f743b1d07e9e63325174c33abe7fe6146decb68e327c9658d42#rd,1666997358,1666997358
爱可可爱生活,46,3,2247525158_2,爱可可微博热门分享(10.28),http://mp.weixin.qq.com/s?__biz=MzI2MTMxNzg1OA==&mid=2247525158&idx=2&sn=6ff8451621d463d2b983b83cbb4313ef&chksm=ea5e16abdd299fbd51af506040ed3c4b72b7b0e329fb7c81196b1db6b10607a382f57385c4fa#rd,1666997358,1666997358
爱可可爱生活,47,3,2247525158_3,爱可可论文代码分享(10.28),http://mp.weixin.qq.com/s?__biz=MzI2MTMxNzg1OA==&mid=2247525158&idx=3&sn=7b3b6c703842b9115887900afaac40f8&chksm=ea5e16abdd299fbd4fd4e71c25be9ac31e105270dc5c82b6d47700befd84005ff64ae15710ab#rd,1666997358,1666997358
爱可可爱生活,48,3,2247525112_1,爱可可AI前沿推介(10.28),http://mp.weixin.qq.com/s?__biz=MzI2MTMxNzg1OA==&mid=2247525112&idx=1&sn=c8e675ed45f6fb1af729284bdb924f8d&chksm=ea5e1775dd299e6328a9d4f27fa3174653d3387e18db96cc1a27edb87f91726e2de7e932bbaf#rd,1666909312,1666909311
爱可可爱生活,49,3,2247525112_2,爱可可微博热门分享(10.27),http://mp.weixin.qq.com/s?__biz=MzI2MTMxNzg1OA==&mid=2247525112&idx=2&sn=fba461f4d20578cbf8d800d6c5a6121f&chksm=ea5e1775dd299e63dd087ab8308c13a60fcf7e3cff6c9ceea84b8a85c4c510857fd6c73834ce#rd,1666909312,1666909311
爱可可爱生活,50,3,2247525112_3,爱可可论文代码分享(10.27),http://mp.weixin.qq.com/s?__biz=MzI2MTMxNzg1OA==&mid=2247525112&idx=3&sn=5c3b8524764a1fc137bef9a985e708df&chksm=ea5e1775dd299e636d45e007941b0acc2b23493108b94684027fe26149000af39eb05d169ef5#rd,1666909312,1666909311
爱可可爱生活,51,3,2247525067_1,爱可可AI前沿推介(10.27),http://mp.weixin.qq.com/s?__biz=MzI2MTMxNzg1OA==&mid=2247525067&idx=1&sn=2f04d6478e96239e54e83f210410c716&chksm=ea5e1746dd299e50774a5922f10ec8f56a00158beb51584fb1eab10a8774aba28e8c14d530d4#rd,1666822488,1666822488
爱可可爱生活,52,3,2247525067_2,爱可可微博热门分享(10.26),http://mp.weixin.qq.com/s?__biz=MzI2MTMxNzg1OA==&mid=2247525067&idx=2&sn=4f927cc013b5d6306f4996308bb0af44&chksm=ea5e1746dd299e5007a3137315a55f52d7a6f61cc0c0c9b6911c285c50cded883f47bedaecb3#rd,1666822488,1666822488
爱可可爱生活,53,3,2247525067_3,爱可可论文代码分享(10.26),http://mp.weixin.qq.com/s?__biz=MzI2MTMxNzg1OA==&mid=2247525067&idx=3&sn=e8576a00dc6288208098ffea39d73208&chksm=ea5e1746dd299e50b0c4985816b56abbb5bebcc52c105eacc38589c0a4b4fc4647746b0df7c9#rd,1666822488,1666822488
爱可可爱生活,54,3,2247525023_1,爱可可AI前沿推介(10.26),http://mp.weixin.qq.com/s?__biz=MzI2MTMxNzg1OA==&mid=2247525023&idx=1&sn=893eabb6e4e6fb880078d857dc88ac04&chksm=ea5e1712dd299e049e253655a77e9abc5352b8b6afdb497ee90596a78798528581bfa9f240b0#rd,1666737776,1666737775
爱可可爱生活,55,3,2247525023_2,爱可可微博热门分享(10.25),http://mp.weixin.qq.com/s?__biz=MzI2MTMxNzg1OA==&mid=2247525023&idx=2&sn=8ea7e80e79fb1a205f240b92ab75b57c&chksm=ea5e1712dd299e04c41ce96cb7de11d0798a9c1fdee2ff1c80d3316f6bac85dd95178ac66c72#rd,1666737776,1666737775
爱可可爱生活,56,3,2247525023_3,爱可可论文代码分享(10.25),http://mp.weixin.qq.com/s?__biz=MzI2MTMxNzg1OA==&mid=2247525023&idx=3&sn=3ce0199d51c9a7960ad3b7b3d303c4be&chksm=ea5e1712dd299e048c65a3dc331a7c4e0aa37b02fee426b71adea95afa41460f762154651c2e#rd,1666737776,1666737775
爱可可爱生活,57,3,2247524973_1,爱可可AI前沿推介(10.25),http://mp.weixin.qq.com/s?__biz=MzI2MTMxNzg1OA==&mid=2247524973&idx=1&sn=9146e47d9f83306d555b5c1fb01e414d&chksm=ea5e17e0dd299ef6096eb81f3e0d861a132451e70fec8c6dbce001434298bf5b8edbf034bbd5#rd,1666650778,1666650778
爱可可爱生活,58,3,2247524973_2,爱可可微博热门分享(10.24),http://mp.weixin.qq.com/s?__biz=MzI2MTMxNzg1OA==&mid=2247524973&idx=2&sn=c09d38f5b2712f841a944ab6c26d1af0&chksm=ea5e17e0dd299ef6b65ed46c1aea8a98c3ea76943c94ef350008f6e989c5318a24d1b47e7015#rd,1666650778,1666650778
爱可可爱生活,59,3,2247524973_3,爱可可论文代码分享(10.24),http://mp.weixin.qq.com/s?__biz=MzI2MTMxNzg1OA==&mid=2247524973&idx=3&sn=aea6d4463a97ddefd8e32c66a600afff&chksm=ea5e17e0dd299ef61c37fed1ff83173cbca6abf04246a5bc6f5699ffa7b2fdc65ca1c5c0252a#rd,1666650778,1666650778
